cpg,chr,position,seq
cg26959247,chr3,11611863.0,ACACCGGCCCTGTGGCATCAGCCGCTCAGGGTCGTCACACCAGGCCCACCAAGAGACTCTCCATCACCTCGCAGCTCCATCCCAAGCTGCCAGGAGGCCTTTCCGACCCACCAGCACCATTTCCACCCACCTTCCTGCCCCAACTGCAGAGACACAGGAAAGGAGCAGTGCGGAGATGCCGGCCACCAAGGTCTGTCCCCGGACAGTCCTGCCACGCTGGCTTTCTCAGTCAGTAAGCTTCTGAAGCACAGCTCCCAGGGGACCCCGGTCCCTGGCTGGACCGTGCACTCCCGGGAAGGCTGACACTGCAGCCCCCACGCCCTAATCTCCTTGGCTCCGCACGGGTGACCACATACCAGATGTTCTAATAACTGTCCATAGAGTAAATAAATCATTAAGG
cg22573456,chr3,12525702.0,TGGCCAGGTGTCTGCCAGAGAAAACGTCCTTGCAAGTTCCCCGCATGCTGCAGCGTACACAGGTGCGCTGCTGTGATCCTCTTTCTACATTGAGAAAGATGAGATCAGTTTCCTCAGGGCCATTTAATAAAGTCCTGTCGGTCGCCTCAAACATCCCATCCACCGAGGGCCGAAGATTCTAGGTCTCTCCCACCTCCCACGTGACTATGTGACATTTGACGGGTAACTGCATCTCATCTGTAAAATGCGTCTTGCAGGATCGTTCTGGCTTCCGTACAATCCTGCAGAGAGCAGCAAAGCGCGCACGCAGCCTCCGCCTCATACTCCGCAGTGGCAGAGCTGGCGCACAGAACACCCGCCAGCCGGCCGTGCGCAGGCGCACTCCGCCAAGTCCCGACGG
cg26405148,chr3,12525763.0,GGTGCGCTGCTGTGATCCTCTTTCTACATTGAGAAAGATGAGATCAGTTTCCTCAGGGCCATTTAATAAAGTCCTGTCGGTCGCCTCAAACATCCCATCCACCGAGGGCCGAAGATTCTAGGTCTCTCCCACCTCCCACGTGACTATGTGACATTTGACGGGTAACTGCATCTCATCTGTAAAATGCGTCTTGCAGGATCGTTCTGGCTTCCGTACAATCCTGCAGAGAGCAGCAAAGCGCGCACGCAGCCTCCGCCTCATACTCCGCAGTGGCAGAGCTGGCGCACAGAACACCCGCCAGCCGGCCGTGCGCAGGCGCACTCCGCCAAGTCCCGACGGGAGCTCTGCGGCTGCGCACTCGGCTGGCTTTGCGGCCGCACTGCTTGACGGCAGCGGTGTC
cg08571437,chr3,12525775.0,TGATCCTCTTTCTACATTGAGAAAGATGAGATCAGTTTCCTCAGGGCCATTTAATAAAGTCCTGTCGGTCGCCTCAAACATCCCATCCACCGAGGGCCGAAGATTCTAGGTCTCTCCCACCTCCCACGTGACTATGTGACATTTGACGGGTAACTGCATCTCATCTGTAAAATGCGTCTTGCAGGATCGTTCTGGCTTCCGTACAATCCTGCAGAGAGCAGCAAAGCGCGCACGCAGCCTCCGCCTCATACTCCGCAGTGGCAGAGCTGGCGCACAGAACACCCGCCAGCCGGCCGTGCGCAGGCGCACTCCGCCAAGTCCCGACGGGAGCTCTGCGGCTGCGCACTCGGCTGGCTTTGCGGCCGCACTGCTTGACGGCAGCGGTGTCCGCCCCACGGCC
cg26277102,chr3,75834282.0,ATCATCCAGTACCCCATCTCCCTCGCGGCATCAGTGAGTTCTTCCCTGGAAACTAGGTCTCGTATAAACTTCTGTAAACGCAACCCAGGAGGACTAGGCAGGTCACACAGTGAAGGAGGGAACCAGAAACTTCACTTGCTAAAGAGACACCGGGAAACCCAACTAATACAAACGCCCAGTTTAAGACTCGAGGCGCACGCGTTTCGCACTACTCCTCTGGGAATGGGGAACGTCTCCCGAGAACTGTGTGTTCGCACTGGGACAGATGGGCAAACTGAGCGTCATGCGGGTTGGTAACCGGCTCCCTCAGCGGCAGGACAGGAGCGCGGCCTGCAGACTCCGGGCCCAGGGCCACCGGCCTCGCCTACCCGCTCCTGCGCCTCTAGAACCCGCTTCACTG
cg25421663,chr3,75834716.0,AGGGTCCGCGGCCTGCACCTGCACTTCAGGCCCTGCCCGCCCGCGATGCGCCCACGCGTCTGCTCCCACAACTGGGGAACACTGGTCCGGCCCCCCGGGATCCCCCGGGCCCACGGGTTCCTCTTCGCCCTCGCACCGACCCGCAGGGACATAGAACCAAGCCCCAGGCTGGCCCAGCTACAAGACCGCCTCTGGGTGCCGCACTTCCGGAGGAAAATGGCGGAGTGGGCGGGGCGGCGCATGCGCAGAGAGAAAAGCTGGTTCCCAAGGTCCTTGATGGTAACATCATTGGAAGGTGACACTACATTTCCCATGAGGCTCTGCGGTCCCCGGTTAGGAACCCAAGCCGGACATTCTGTTTTGCCCAGCAGTGAGTCCAGTTACCCAGAGACCCGGACTT
cg03671796,chr3,109645423.0,TTTCAGTTTCTTGGGACTCTCACTCTAGGAGCCCTGATCTTCCATGTGAGAAGCAAAACATGGTGACCACATAAAGAGCGCCTGTGGCTATGTGGAGGGGAAAAGGGCCCACTGAGTCTGGTCGTCCAGCTCTCCTTGCAAGCTGCCCGGCTTACGCATTCCCTTCCTCTGCTCACCCCGCAACCCGCACTAGCCCAGCCGCCACCTGAATACCATTGAGTGACTGCAATTGATGTTACAGTCTTTTGCGAAGATAAGAATCTCTCAGATGAGTCTTTTCTGAATTCTTAACCTCTATTAAGCCACTGAAGTTTGGTGCAGTTTGTTAACAGTGATAGATAAGCAGAAATGTTTGTACCTAGTCATCAATTAACAATTACTTTAACTTATTCCACATCTA
cg19996396,chr3,121946297.0,CATGGAGCAGGGGGTGGTGCTCATCAGGGAGGCTCCCGCCACACAGGAGCCCATGGTGGGGGGTTGGGGTGGGGAGGGCTCAGGCATGGCGGGCTGCAGGTCCCAAGCCCTGCCCCACGGGGAGGCAGCTAAGGCCCGTGAGAAGTCGAGCACAGCAGCTGCTGGCCCAGGTGCTAAGCCCCTCACTGCCCGGGGCTTGCGGGCCAGCCAGCTGCTCCAAGTGCAGGGCCGCTGAGCCCACAGTCACCCAGAACTTGTGCTGGCCCGCAAGCACCGTGTGCAGCCCTGGTTCCCACCCACGCCTCTCCCTCCACACCTCCCTGCGAGCTGAGCGAACAGGCTCTAGCCTTGGCCAGCCCAGAAAGGGGCTCCCACAGCGCAGCAGTGACCTGAAGGGCTC
cg14130570,chr3,141944508.0,ACGCCTCTCCGCTACAGCCGCCTACCCAGAGGGCGCGCTACAAATCCCAATGCTCCAGAGTCCCCGGGCGGCCCAACCCGGGCCCCAACCCGGCTCAGCCGGAGAGCCTAGAGAGGCCTGGCCCCTGCCGCCGGCTCCACCCCGACGCCGTGACGCCACGGGCGCGCGCCGGCGGCCGCGCGGGAGGGGTGGAGGTGAGCGGGTTTGCGCCGTGATCTGCAGCCCCAGATCGCCAGCCATGCTCAGCCTCCAGTCGCCGGCCGCGGTTGGATTGACTTGGCCCTTAACTCTTGTTTTTTTTCTTTTTGAGACGGAGTCTCACTCTGTCGCCCCGGCTGGAGTGCGGTGGCGCGATCTCGGCTCACTGCAACCTCCGCCTCCCGGGTTCAAGCGATTCTCT
cg15258711,chr3,187087086.0,TAGAATGATGTTGCAAAAACTAAATCTAAAACCCAGTTCATGGAGTCACCAAGTAATACTCCTCCCTTACTCACCACTTCCCTCTTTAACCCCCAGCAAGCCTCCAGGTTGCAGGAACCAGTTTCCTTGACCATGTTAGGAGGGTGAGAATTGCTGACCTGGATAATCAAATTTATTTTTAAATGACACACAGGACCTTCGGTATAGTTTTCATCTGACCTATTACTCAGCTTGCCTGCCTGCCCCATCCTGCCTCAGGTATGGCCTACTCCATTCCTTATGGACTATTAGCTATGCCATGCATCTTCAGACTTCCACACTCTTGTTCATGGAGTTCTGCTTGTTCAGCAGACCCTCCCCTCACCCCTCCCTGCTCATCCTTCAAGGCCCACTCTAGTGC
cg09884213,chr3,190788216.0,TATTGTCTCCATTTCAGAACTTCATGTAGTTTGGTTGAGGCCTCTGTTGTAACTATATCAGAATTTCAGTTTCTTTCTCTGCATAATCCTGATTTCTTACTTTCCTTCTACAGGGTTGACCACAAGAACGTTCCTTAACAAATTTCCTTCACACTAATCTCTGAGTCAGAGTATGCTTCACAGTAAACTCAAGCTGCAACGGTTGGGCCAGAAGTGATTGGAGAGAGCAGACATAGATATGGGATCATCATGCTGGATGACCCAACCCCCAACAACTAACAATGACTCCATCACTGGTGGCAGGTAGAGCACAGAGAGCTCTGGCATAAAGTAGCAGTGTGATGGTTAAGTTGTTAAATTTAGATGGTTAAAACCGTTCCCAGTGGTGAACTGGCATACT
