sequences,labels
GTTGCTTGACCCACAGATGTGAAGCTGAGGCTGAAGGAGACTGATGTGGTTTCTCCTCAGTTTCTCTGTGTGGCACCAGGTGGCAGCAGAGGTCAGCAAGGCAAACCCGAGCCCAGGGATGCGGGGTGGGGGCAGGTACATCCTCTCTTGAGCTACAGCAGATTAACTCTGTTCTGTTTCATTGTGGTTGTTTAGTTTGCGTTTTTTTTTCTCCAACTTTGTGCTTCATCGGGAAAAGCTTTGGATCACAATTCCCAGTGCTGAAGAAAAGGCCAAACTCTGGAAAAAATTTGAATATTTTGAGCCAAATGTGAGGACCACAACCTGTGAGAACGGAAAATAAATCCTGGGACCCCAGACTCACTAAGCCAAAGGGAAAAGCCAAGCTGGGAACTGGCTT,0
GTAGTTAAACTATTTTTAACTAGAATTTAAATGCAACATTTTAGGATATGAAGCCCTCAACTCATTTCGAAAACTACTGGCTCAGATGACCTCAGCGATAGGAAACCTCTAAAAGATCATGAGTCTAATCAGATAATTTTCTGTGCCTTTGCCTGAGAGTCTAGCTGAAAGTGGTGCCGTTTTTACAGAAAAGGAATAACGTGTCCTGAACTGGGAACCCTTCACCGGCCACCATTCCTGGAGGCGCTTCACTGTGGAGTTTTGGTCACCAGAGGGCTCCAGGGGACTACTGGGGAAGGCCAGGACATGGAAGAGGGCCTAGAGCCAGGGTTACCCGGGAGGGGGTGGACCCATTTTGCCAAGCACCTGAGGACCAGGCCATACAGAATCCTCTCAAAAC,0
CAGCAGCCCGGAAGGCAGGGAGGGCGACAGGTGCAGATGGGCCCCCAAAGTGGGCACGAACACCTCACCAACGAGGAAGAGGACCGCAGCAGGGTGGTGCTGAGTGGGCCTTGGGGGTCTTTAATCTCCTTGAGCCCCAGCGAAGCAAAATTTCATAGGGATAGTAGCACAACAATAAATCGCCTCCTGAAAGCCAGACCGCCCAGACAGCCTCGTTGGAACATGTAAGACTCATAGGAAAAGGAGTCTAGGCCAATAAAGTAGAGAGTGGGAGAAGAGAAGGAAGGATGCGGGGGTGGGGAGTGAAAGAGAGGGACAGAGATGGAGAAAGGGGGAGCTCCTGGGTTGCCACAGATGGTTTCCTACAGGATGCGGGAGGATGGGGCCTTGAGGTCTAAAG,1
AATCAACTGGCTTCAATCTACTTCTCCCGCCGCCGGGAAAAAAGGCGGGAGAAGCCCCGGCAGGTTTGAAGCTGCTTCTTCGAATTTGCAATTCAATATGAAAATCACCTCAGAGCTGGTAAAAAGAGGCTTAACCCCTGTCTTTAGATTTACAGTCCAATGCTTCACTCAGCCATTTTACCTCACCCCCACTGATGTTCGCCGACCGTTGACTATTCTCTACAAACCACAAAGACATTGGAACACTATACCTATTATTCGGCGCATGAGCTGGAGTCCTAGGCACAGCTCTAAGCCTCCTTATTCGAGCCGAACTGGGCCAGCCAGGCAACCTTCTAGGTAACGACCACATCTACAACGTTATCGTCACAGCCCATGCATTTGTAATAATCTTCTTCAT,1
TTTTCTTGCAGATTGAGAAGGGATAGGGAGGAGTTTAGGGAAGTGAGTGAAGCAGGAAGATGTTGACCAAGGGAAGTTAATTCCATAAAGAGGAGGATGAGGGGACAGAAAGGCAGGAGGAAGAGGAGGAGGAGAATCTTTGCACAGGGGGTGTCAGCTGATGGGGGCAGCATGGGTGCCCATGGAGCCCTTTAGGGGTCGTTGGTTGTGTGCAGAGAGGCCACAGCAGGCGAGGCAGGCAGTGTCTACCACCCCCAAGGAGACACCAAGAATCCCTGTCCTTAGGAAGTCCCCTCTTCCTCCTCTTGAGTCTCATCTCGGAAAGAGGGAGCTGTCAGTCAGAGCTCAGGCCAAACACTGGGGCTAATAGGGGTGAGAGCAGGGACCTGTGGGGTCCTCA,1
GTCACACAAAGAACAGCAATGAACGTCCTGCAAAACTCCCGCTCACCCATGTGTCACACACGGAGAACAGCAGTGAACGTCCTGCAAAACTCCCGCTCACCTATGTGTCACACAAAGAACAGCAATGAATGTCCTGAAAAACTCCCGCTCACCTGTGTGTCACACACAGAGAACAGCAATGAACGTCCTGCAAAACTCCCGCTCACCCGTGTGTCACACACAGAGAACAGCAATGAACATCCTGCAAAAATGCCACTCACCCCTGTGTCACACACAGAACACCAAAGAACGTCCTGTAAAACTCCTGCTCACCCGTGCGTGTCACACACAGAGAACACCAATGAATGTCCTGCAAAACTCCCGCTCATCTGTGTGTCACACAAAGAACAGCAATGAACGT,1
CTAACCCCTAACCCTAACCCTAACCCTACCCTAACCCTAACCCTAACCCTAACCCTAACCCTAACCCCTAACCCCTAACCCTAACCCTAACCCTAACCCTAACCCTAACCCTAACCCCTAACCCTAACCCTAACCCTAACCCTCGCGGTACCCTCAGCCGGCCCGCCCGCCCGGGTCTGACCTGAGGAGAACTGTGCTCCGCCTTCAGAGTACCACCGAAATCTGTGCAGAGGACAACGCAGCTCCGCCGTCGCGGTGCTCTCCGGGTCTGTGCTGAGGAGACCGCAACTCCGCCGTTGCAAAGGCGCGCCGCGCCGGCGCAGGCGCAGAGAGGCGCGCCGCGCCGGCGCAGGCGCAGAGAGGCGCGCCGCGCCGGCGCAGGCGCAGAGAGGCGCGCCGC,0
AAAAAGGGAAAAGAGACTTCCTGGTACAAAAGAAGCTGCTGAGTCATTTTCCCCGGAACAGAAAACACCAGGATTGTGCGGAAGTCAGGGCTCCGGAGGCACCTGCCCTCAGCAGGGCCAGGGCCACTGGAGAGTGGAGATCCCACACACCTGCCTGAGGTTGCTTTGGGCCCTATGAGGGGCAGTCCAAGAAGCTCCTCGTGTGGAAACATTATCTCATGGTTACCCAGTGGGCACCGAAGCAAGCCAAATCTTTGGTCCACACACAAAGACTCCTTAGGAAAATTATGGGAAGCTGGTCAAAATGATAAAGTAGCACAATTGTTCCTTCTTCACAGGAACCTGGTGTTCTTAATCTTAACACTTCAAATGGTGACATTTTAACCCAGGTGGAGGAAAA,0
ATCAGACTTTGAGCTCTCCTCCTGGCTTAGCCTGGATCGTTTGAAATGGTCATCCATCCTTTGGCCCCAATACCTAAACTAAGGTCTATGAACAATAAGATGATTTTCTTCAGTGGGACTTTTTTGTTTAATATATTAGATTTGACCTTCAGCAAGGTCAAGGGGAGTCCGAACTAGTCTCAGGCTTCAACATCGAATACGCCGCAGGCCCCTTCGCCCTATTCTTCATAGCCGAATACACAAACATTATTATAATAAACACCCTCACCACTACAATCTTCCTAGGAACAACATATAACGCACTCTCCCCTGAACTCTACACAACATATTTTGTCACCAAGACCCTACTTCTGACCTCCCTGTTCTTATGAATTCGAACAGCATACCCCCGATTCCGCTA,0
AGACAGAATTGCAAGGCCTTTAGCCTTCGCAATTACGTGAGCTGTTAACGTGGAAAACAATGGGAAGGTAAGCATTTTGATCTATGTGCCTGGATAGACGAGCAAGTGTTAAACACAGTCAGTGTACACAGAGGTTATCTCTAGGAATTCGGGGCACACAGGAGCAATGAACAAAAGTCAGTCACTCAACAGATGGGCACGAGGCCTCTCTATTCCCATGAATGTTTTTTGTGTTTGCTATTTTTGCAGTGCTAAACACAACATCATAAATATCCTCACATCCTGTAACTGACAAAATAAATTAGATATTTGAAAGAGATTTTATTGCTATCTATTAGCAGGGCAAATATTTTGGCAATTTCAATTAATTTAGGATATAGTACATAAAAGATAAAAGCTA,0
GCGCAGAGAGGCGCGCCGCGCCGGCGCAGGCGCAGAGAGGCGCGCCGCGCCGGCGCAGGCGCAGAGAGGCGCGCCGCGCCGGCGCAGGCGCAGAGAGGCGCGCCGCGCCGGCGCAGGCGCAGAGAGGCGCGCCGCGCCGGCGCAGGCGCAGACACATGCTAGCGCGTCGGGGTGGAGGCGTGGCGCAGGCGCAGAGAGGCGCGCCGCGCCGGCGCAGGCGCAGAGACACATGCTACCGCGTCCAGGGGTGGAGGCGTGGCGCAGGCGCAGAGAGGCGCACCGCGCCGGCGCAGGCGCAGAGACACATGCTAGCGCGTCCAGGGGTGGAGGCGTGGCGCAGGCGCAGAGACGCAAGCCTACGGGCGGGGGTTGGGGGGGCGTGTGTTGCAGGAGCAAAGTC,0
GTTTTCTTGCTTGTGGAGGCAGCCGCAGGCCATGTCCGACTTGTCAGCCAGACACAGAAACTAACTTGCACCTCATCCGGCAGCGCTGTGTGGGGCACCCTCCAGTCTGTTTTCGGCCCTGAAACCCGTTAGTCATCCCTGCATTTTTGCCAGTCCTTTGTGGGCCAGCAGAGGCCTGTGAAGAATTTAAATCCTTAACCGTGCATACTAATGCCTGGAGGCTTCCAGAAGCCCCGTCCAGCTGCGTCTCACCCGGAGCCCAAGGCAACTATAAACAGGCCACAGAGGCAAAGTTCTGCTGCTCAAAATTACAGCTCCTCCCGGGGACACTATTTCCCTTCTGAAAACATCTGGCTCCCAACGTTTTCTAGCTTTGAGGGAGGCAAAGAGAGGGTTATTT,0
CAGCCTCTCCACTGCGCTCCTGCGCGCCGGCCGCGCGGCGTCGGGGTCCCGGGTAGCCGCGGGGTCCCGGGGAAGGAGCCGCTCGTTCGGGGGCGCGCTCAGGGCCGCCAGGGCGCGCATCTTCGCGGGGAATGGACCGACCGGGGTTCCGGGTCCAGCGGAGACGCGCTCGAGTGGTAGAGCCAGTCAGTCCCAGGGCCGGTTCCGAAGTCCGCGCCGGGTGGGGAACGGCGCCCCAGTGCCCAGCTGCCCAGGCCCGGGGTTGGGGAGAACCGGAGTCTGCACCGATTGGCGAAACTCCCCAGTTCCCGCCCCTCCCGACCTCATCGCCCACACCGACTGGCACCGCCCCCGCCCCCGCCCGGTGCCCCGGCCCTGGCCGCGTCCCCGCATCCCCGCT,1
GGGACACTGGAGGGCGCCGCGGACCGCGCGGCTGGGGCTGGGGTCTCGGGGATTGCGGGGTCCGCCGCGGGGCCAGGAGTGGTCGGGACCGTCTCCGGGTTCCCGGCCTTGCCCTCGTCTCCCGTCCGGGGCACCGGCGCCTTGTCCTTACCCGGCCCCTGGAAGAGCTTCTTCACCAGGCTTGCCCTGGGGCCGTCGGCGCCCGATCCTCGCACGAATTCGCATTTCTGCCGGTAGATGATCAGCGAGTCCGGTCTCAACGGCTTCCGCGCAATAGCCCTGCGCGCCACCGGGGCCGGGGCGCGGGCCGGGGGCCCAGGGTCGTTCCCCGGGCACTTGATCGCCCCCGGGCCGCTGCCCTCGGAAGCGACGCCCCGGCCAGTCCCCGGCCGACCCCGCA,1
TACATGCTATCTGAAGGACAGCCTCCAGGGCACACAGAGGATGGTATTTACACATGCACACATGGCTACTGATGGGGCAAGCACTTCACAACCCCTCATGATCACGTGCAGCAGACAATGTGGCCTCTGCAGAGGGGGAACGGAGACCGGAGGCTGAGACTGGCAAGGCTGGACCTGAGTGTCGTCACCTAAATTCAGACGGGGAACTGCCCCTGCACATACTGAACGGCTCACTGAGCAAACCCCGAGTCCCGACCACCGCCTCAGTGTGGTCTAGCTCCTCACCTGCTTCCATCCTCCCTGGTGCGGGGTGGGCCCAGTGATATCAGCTGCCTGCTGTTCCCCAGATGTGCCAAGTGCATTCTTGTGTGCTTGCATCTCATGGAACGCCATTTCCCCA,1
CCTCAAGGTCCTCATCTGGACACCAGTGGGGTTAGGGGCTGAGGCACATCAGCACTAAGCAGGAGAGCTCATCGTTGCCATGCATCAGCTGTGGCTCTAGAGCCGAGACGCTCCCAGCTGTGTAGGCTTCCCAGCAGTGCAGACCCCTCTCTAGAGCCGAGATGCTCCCGGCAGTGCAGGCCCCTCTCTAGAGCCGAGACGCTCCCGGCCGTGTAGGCCCCTCTAGAGCCAAGACGCTGCAGGGTTAATCAGGGCTGCCCAACAGTCCATCCCCTCTTCTCTCTCTGAAATCAAGAAACATTCCGAATTCCAAAATGCAACTGGTCCCAAGTGTTTCAGTTAAGGGACTGTGGCCCTGTGTAATGCCAGGCAGTGACAAGGACTGTGACTGGGAGCCATC,1
GCGGGTGCCGTCTCAGCAGCTCACGGTGTGGAAACTGCGACACTCACGCGGGTGCCGTCTCAGCAGCTCACGTCCAGGACCCCAGGCTGCACTGGCCCTCACGCCTCCTTAGTCCCCTGCACCTGTGACCCTTTCCTGGCCTGTCTTCGCTTCACCGCCTTGACAGCTTTGCAGAGTGCTGCTCAGGTATTCTGCAAGACGCCCCTCAATTGGTGTGTGTGTGATGTTCTCTCTGATTACATTGGAACTGTGCGTTTGCGGAAGAACACGGCGGGGGGGGGGGCGGCGCTCTTCTCATCACGTGCTCTCAGGGGCCACGATGTCAACATGCCTCATCACTGGTGGTCTGGACCTTGATCACACGGCCAAGGTGAGGCCTGCCAGGTCTCCCCACGGGAGA,1
TGTAGCTCAAAATCGCACTCAATTCTAAGCAGCTGTAACTGGCCATCGCCCAGCTCGGTCACACTCACCAAGATTCACAGCCCCGCACACGGCCAGCCCCGCCCCCAGCCTTCTGGGCACACACCTCGGGTCCGGCTCTGCTCCTGGCTGGGGGTCTCCTTGGCCTTCTTACAGGTGTACAGCCACTTGATGATGCGGGCGTTCCTCTCGATGACCGAAGTGGTGCTGGGCACCTGCTCTATCAGCTCCTCCTCCTGCAGCCCCTCGTCGTCGCCGCCGCTGTGCCGGGAGAAGCCGCTGCCGGAGGTGGCGACGCTCACGCTGCGCACCTTGAGGGTCACACAGTCCGACCCCGCGGTGAAGTTCTCCCTCCCCAGGGCCTCCACCACCTCGGGGTCCA,0
CTGTTTTCAGCTCAGGAAAGAATACTAGGGGTGTAAAACTGCTTTCTGGCAGCATTTTGGATTTCTCCTGTTTTCACAATAATAAGCCAAATGGGACATATTAATTTGCAGAATTGCCTTTCCAGGCAGCCAGACGCAGCAGACTCCTAAGGGCCTGGACCAGCAGGTGCCTGGATTGGTACCTTCTGCTCTTCAGCAGCGGGGGCTCAACTCACAAGCCTCTGCGTCAGTCTCTTGGGTCCCTTTCACACTGTAGCTCAAAATCGCACTCAATTCTAAGCAGCTGTAACTGGCCATCGCCCAGCTCGGTCACACTCACCAAGATTCACAGCCCCGCACACGGCCAGCCCCGCCCCCAGCCTTCTGGGCACACACCTCGGGTCCGGCTCTGCTCCTGGCT,0
TCAGGAACGGTCCCGGGCCTCCCGCCCGCCTCCCTCCAGCCCCTCCGGGTCCCCTACTTCGCCCCGCCAGGCCCCCACGACCCTACTTCCCGCGGCCCCGGACGCCTCCTCACCTGCGAGCCGCCCTCCCGGAAGCTCCCGCCGCCGCTTCCGCTCTGCCGGAGCCGCTGGGTCCTAGCCCCGCCGCCCCCAGTCCGCCCGCGCCTCCGGGTCCTAACGCCGCCGCTCGCCCTCCACTGCGCCCTCCCCGAGCGCGGCTCCAGGACCCCGTCGACCCGGAGCGCTGTCCTGTCGGGCCGAGTCGCGGGCCTGGGCACGGAACTCACGCTCACTCCGAGCTCCCGACGTGCACACGGCTCCCATGCGTTGTCTTCCGAGCGTCAGGCCGCCCCTACCCGTG,0
GTCACACAAAGAACAGCAATGAACGTCCTGCAAAACTCCCGCTCACCCATGTGTCACACACGGAGAACAGCAGTGAACGTCCTGCAAAACTCCCGCTCACCTGTGTGTCACACAAAGAACAGCAATGAACGTCCTGCAAAACTCCCGCTCACCTGTGTGTCACACACAGAGAACAGCAATGAACGTCCTGCAAAACTCCCGCTCACCTGTGTGTCACACACAGAGAACAGCAATGAACATCCTGCAAAAATGCCACTCACCCCTGTGTCACACACAGAACAGCAAAGAACGTCCTGTAAAACTCCCGCTCACCCGTGCGTGTCACACACAGAGAACACCAATGAATGTCCTGCAAAACTCCCGCTCATCTGTGTGTCACACAAAGAACAGCAATGAACGT,1
AATAAATCGCCTCCTGAAAGCCAGACCGCCCAGACAGCCTCGTTGGAACATGTAAGACTCATAGGAAAAGGAGTCTAGGCCAATAAAGTAGAGAGTGGGAGAAGAGAAGGAAGGATGCGGGGGTGGGGAGTGAAAGAGAGGGACAGAGATGGAGAAAGGGGGAGCTCCTGGGTTGCCACAGATGGTTTCCTACAGGATGCGGGAGGATGGGGCCTTGAGGTCTAAAGTCCAGCCTGCTCTCTGCTTGGCAAGCCTGTTCCCTAAGTCAGAGGAAAAAACCTTTTTAATTGTGTAGCCCAAAGTGTCTTCTTTTCCTAATTTGCACTACTTCATGGGCAACAGCAGCACTTCTAAGACAGAGAACTGCAAAGTACAGGACCTCTGGAATTTGACCCTGGGT,1
CTAACCCCTAACCCTAACCCTAACCCTACCCTAACCCTAACCCTAACCCTAACCCTAACCCTAACCCCTAACCCCTAACCCTAACCCTAACCCTAACCCTAACCCTAACCCTAACCCCTAACCCTAACCCTAACCCTAACCCTCGCGGTACCCTCAGCCGGCCCGCCCGCCCGGGTCTGACCTGAGGAGAACTGTGCTCCGCCTTCAGAGTACCACCGAAATCTGTGCAGAGGACAACGCAGCTCCGCCGTCGCGGTGCTCTCCGGGTCTGTGCTGAGGAGAATGCAACTCCGCCGTTGCAAAGGCGCGCCGCGCCGGCGCAGGCGCAGAGAGGCGCGCCGCGCCGGCGCAGGCGCAGAGAGGCGCGCCGCGCCGGCGCAGGCGCAGAGAGGCGCGCCGC,0
TAGGGTTTATCGTGTGAGCACACCATATATTTACAGTAGGAATAGACGTAGACACACGAGCATATTTCACCTCCGCTACCATAATCATCGCTATCCCCACCGGCGTCAAAGTATTTAGCTGACTCGCCACACTCCACGGAAGCAATATGAAATGATCTGCTGCAGTGCTCTGAGCCCTAGGATTTATTTTTCTTTTCACCGTAGGTGGCCTGACTGGCATTGTATTAGCAAACTCATCACTAGACATCGTACTACACGACACGTACTACGTTGTAGCCCACTTCCACTATGTCCTATCAATAGGAGCTGTATTTGCCATCATAGGAGGCTTCATTCACTGATTTCCCCTATTCTCAGGCTACACCCTAGACCAAACCTACGCCAAAATCCATTTCGCTAT,1
AGAGCTGGTAAAAAGAGGCTTAACCCCTGTCTTTAGATTTACAGTCCAATGCTTCACTCAGCCATTTTACCTCACCCCCACTGATGTTCGCCGACCGTTGACTATTCTCTACAAACCACAAAGACATTGGAACACTATACCTATTATTCGGCGCATGAGCTGGAGTCCTAGGCACAGCTCTAAGCCTCCTTATTCGAGCCGAACTGGGCCAGCCAGGCAACCTTCTAGGTAACGACCACATCTACAACGTTATCGTCACAGCCCATGCATTTGTAATAATCTTCTTCATAGTAATACCCATCATAATCGGAGGCTTTGGCAACTGACTAGTTCCCCTAATAATCGGTGCCCCCGATATGGCGTTTCCCCGCATAAACAACATAAGCTTCTGACTCTTACC,0
ATACACCATAGAATACTATGCAGCCATTAAAAAAGAGTGAAATCATGTCCTTTGCAGCAACATGCATTTAGCTAGAGGCCATTATCCTAAGCAAACTAATTCAGGAAGAGAAAACCAGATCCCACATATAAGTGGGAGCTAAACATTGAGTACATATAGACACAGAGAACGGAACAATAGATACTGGGGACTGCTTGATCGTGGGAGGGTGAGGAGAGGGCATAGGTTGGAAGGCTATCTGTGGGTACTATGCTCACTATCCTAGTGATGGGATCATTTGTACACCAAGCATCAGTGACCCACAATCTACCCATGTAACAAACCTGCACATGTACTCACTGAACCTAAATTTAAAAAAAAAGTAAAACTACTATAACATTGTATTTAAGACTTACTGCTA,1
GCTCATATTCTTATTAACAGAAAGGAATAGGACATAAGAGGAAAGAACACGCAGCGCACGCCAGGATCAGCCTACGTGTTGGGTGGCAAGAACGCAGGGCCTCGGATTGGGTCCGACTCGGTCGCTGGCCGGCAGCGGGCGTGGCCGGGCCCGAGGACCGAGCTAGGACTCTCAGTGGGGCAGGCTGGGGCCCCAGGCGCGGCTCAGTGGATTTGGAAGAAGCCCAGCCAAGTGTCCAGAATCATTGCTATTTTTACGGTAACCGAGGCAACGGGGAAACCACGAGTTCACCAGGCAGTGGATCAGCCTAGGAATGCTAAGAGTCTAAGATAAAATACTTCCCAAACTCCATTATTTCAAAAATTTGGACAAAATACTAAAGTTATCTCTCAGACATGTG,1
TGATTTCTCCTTCCAGTTTTTTTTTCTCTTCCTCGAGCTTCCTTATCTCCTCCTGTTGAATCATTTTAAGATGCTCGAACTTGTCCTGCAGCTGTGAAACCAATGTGCAGTTGTGACACCAAAGCAGTGTGGCTGAACACCTAAAAGAATACGCTTTTTTTCTGATTATCAAACAAACCCAAATCATCACAGTAGACCACGATCTTAATAACAATCTCAAAAACTCAGGAGTAAACACTCAGATATGGAATTTTTCTTTTCTTTCTTTTTTCCTTTTATAAGATGGAGTCTCACTCTGTTGCCCAGGCTGGAGTGCACTGGTGCGATCTCAGCTCACTGCAACCTCCATCTCCCAGTTCAAGTGATTCTCCTGCCTCAGCCTCTTGAGTAGCTGGGACTA,0
GAAAACCTACCTTTGTTCGTCTCAAGTTTTCTGAATCTTTCAAGAAATCCTAAAATGAATCCTTATAAATTTCAGCAGAAAAAGCACAGCTTAAATTCCTGCTTCCACATCTTCCAGAAGTTGCAGAACTGGTCTCAGAACAAGGGACTTCTGCAGGAAGTCAGAGGACCGCCCCACTGACCAGGTGTTCACACTCTGTCGTGGCTTTCCCTGCTGGTCTCCTCCAGTGGGAACACCAGTGCTGGGAGGTGGGGAGCTGTGAAGGGGCTAAGGTCATGAGCAGACACTGTTCCGGTGATCTGGAGAAAGCCCAGGCAACTCTGTTCTCCTCATACACCCCACCCCTGGTAGCCGGGCAGTAAGTCTCTGCATTGCAGTTTCAAAGAGGCCTGTGCTGTTT,0
AAAAAACTTCCTACCACTCACCCTAGCATTACTTATATGATATGTCTCCATACCCATTACAATCTCCAGCATTCCCCCTCAAACCTAAGAAATATGTCTGATAAAAGAGTTACTTTGATAGAGTAAATAATAGGAGTTTAAATCCCCTTATTTCTAGGACTATGAGAATCGAACCCATCCCTGAGAATCCAAAATTCTCCGTGCCACCTATCACACCCCATCCTAAAGTAAGGTCAGCTAAATAAGCTATCGGGCCCATACCCCGAAAATGTTGGTTATATCCTTCCCGTACTAATTAATCCCCTGGCCCAACCCGTCATCTACTCTACCATCTTTGCAGGCACACTCATCACAGCGCTAAGCTCGCACTGATTTTTTACCTGAGTAGGCCTAGAAATAA,0
GTGAAGACAACTCCGTAACAGGCTGTGCTTTCAGCCTTGTGGTTGAACGCTCCGAGCAGCAGCAGCCCGGAAGGCAGGGAGGGCGACAGGTGCAGATGGGCCCCCAAAGTGGGCACGAACACCTCACCAACGAGGAAGAGGACCGCAGCAGGGTGGTGCTGAGTGGGCCTTGGGGGTCTTTAATCTCCTTGAGCCCCAGCGAAGCAAAATTTCATAGGGATAGTAGCACAACAATAAATCGCCTCCTGAAAGCCAGACCGCCCAGACAGCCTCGTTGGAACATGTAAGACTCATAGGAAAAGGAGTCTAGGCCAATAAAGTAGAGAGTGGGAGAAGAGAAGGAAGGATGCGGGGGTGGGGAGTGAAAGAGAGGGACAGAGATGGAGAAAGGGGGAGCTCC,1
GTTGCTTTACCCACAGATGTGAAGCTGAGGCTGAAGGAGACTGATGTGGTTTCTCCTCAGTTTCTCTGTGTGGCACCAGGTGGCAGCAGAGGTCAGCAAGGCAAACCCGAGCCCAGGGATGCGGGGTGGGGGCAGGTACATCCTCTCTTGAGCTACAGCAGATTAACTCTGTTCTGTTTCATTGTGGTTGTTTAGTTTGCGTTTTTTTTTCTCCAACTTTGTGCTTCATCGGGAAAAGCTTTGGATCACAATTCTCAGTGCTGAAGAAAAGGCCAAACTCTGGAAAAAATTTGAATATTTTGAGCCAAATGTGAGGACCACAACCTGTGAGAACGGAAAATAAATCCTGGGACCCCAGACTCACTAAGCCAAAGGGAAAAGCCAAGCTGGGAACTGGCTT,0
CGACCCAGCCGGAGGAGGAGACCCCATTCTATACCAACACCTATTCTGATTTTTCGGTCACCCTGAAGTTTATATTCTCATCCTACCAGGCTTCGGAATAATCTCCCATATTGTAACTTACTACTCCGGGAAAAAAAGAACCATTTGGATACATAGGTATGGTCTGAGCTATGATATCAATTGGCTTCCTAGGGTTTATCGTGTGAGCACACCATATATTTACAGTAGGAATAGACGTAGACACACGAGCATATTTCACCTCCGCTACCATAATCATCGCTATCCCCACCGGCGTCAAAGTATTTAGCTGACTCGCCACACTCCACGGAAGCAATATGAAATGATCTGCTGCAGTGCTCTGAGCCCTAGGATTTATTTTTCTTTTCACCGTAGGTGGCCT,0
GGCAGAAAAGCACTTTTGTTTTAGGAGGAGGGAGTAACCAAGCCTAGAACACCTGGGTGAGGCATGGAGGGGCCCGTGGCGCAGTGGACAGTGGGCAGGAAATGGGTCAGCCCACTGGGAAGAGATGGAGGGGAGGGTGGGGTCCCCATCGCAGCATTCATGGGTGGGCTTGGCCGAGAGGAGAAGCTGAGTCGAAGTTCGGCTAACAAGTATTTTTTTAAGATAGATCAGTGGAGTCAAAGCAGTTCAGCTACACATCTGTGGGACAAAAATGGGAATGCAGAGGGTCTGATTCTGGCCCTGTCACTGGTGAGTCTTGTCTGTGTCATGTGGGGAAGGTGGTTCTTTTCAGTGGCTGCTGGAGCTCAAAGTTGTGGGAGGGTGGCTCTTAACTTGCCCT,1
CTAGCACCGCAGCTGTGACCTCGGCACCCAAGCTCACACATTGCCCTGCATCTCAAGGAACAGGTGGTTCAGCACAGCAGGGAGGCTGACCCCAGGACAGAGGGAGCCACCATGCATGTTCCCCATGGCCTGGGAGCCACCTGCTCAGGGCTTGTGCTGCCCCTGCTGGTGCCCTTGCTCCTCCAGTGCAGGACTGCCACGTGCTCACTTGCACCATGGAAGGACCCAAGGACTGGCTGCCTGTGGCCTGCCACCACCCCTACCAGTGACTCTGTCCCTTCTAGTGGTGGAGCCATCATGCATCCATACATGATGCCCAAGAGCTCAAAGACCAGCCTGCCTGGAATCCCTGTCCCCAGCAAAGCCATGCCATAGCCTCCAAAAACAACCACAACTTAAG,0
CTCTTAACTTGCCCTCTTTTCCCCATCACAGGGCAGGGGAAAGTCCGATGTTGGCAGTAGTTACTGAAACAGATTTTTGTCCCTGGTGGATTTCATTTGGTGTCCAGAGTTTAACTGTTACGGAGTTCTCTATGCTACAATTTTGTTGAGTTCATATTTCAGGGGCCCTGCTGCTGTGTACGGTGGCCTTCAGCCAGGACGTGTCTTGGCCCTGGCCGTGAGAGCCATCTGGGCTGGGTGAGGCTGTGCCCACCTCAGAGGTGGGGCCAAGGACCTCTGTCTTCTCTGGTGGAAAGAGCCCTTCTCAGGGTCTAAACAGAAACATGGGAGCTTTTGTGAAACCATTATAATCTCCTGGGAACAGAAGCTTAAGGGTTTTAGTCTCTTGATTTTTAGTATT,1
AGACAGAATTGCAAGGCCTTTAGCCTTCGCAATTACGTGAGCTGTTAACGTGGAAAACAATGGGAAGGTAAGCATTTTGATCTATGTGCCTGGATAGACGAGCAAGTGTTAAACAGAGTCAGTGTACACAGAGGTTATCTCTAGGAATTCGGGGCACACAGGAGCAATGAACAAAAGTCAGTCACTCAACAGATGGGCACGAGGCCTCTCTATTCCCATGAATGTTTTTTGTGTTTGCTATTTTTGCAGTGCTAAACACAACATCATAAATATCCTCACATCCTGTAACTGACAAAATAAATTAGATATTTGAAAGAGATTTTATTGCTATCTATTAGCAGGGCAAATATTTTGGCAATTTCAATTAATTTAGGATATAGTACATAAAAGATAAAAGCTA,0
ACACCTATTCTGATTTTTCGGTCACCCTGAAGTTTATATTCTCATCCTACCAGGCTTCGGAATAATCTCCCATATTGTAACTTACTACTCCGGGAAAAAAAGAACCATTTGGATACATAGGTATGGTCTGAGCTATGATATCAATTGGCTTCCTAGGGTTTATCGTGTGAGCACACCATATATTTACAGTAGGAATAGACGTAGACACACGAGCATATTTCACCTCCGCTACCATAATCATCGCTATCCCCACCGGCGTCAAAGTATTTAGCTGACTCGCCACACTCCACGGAAGCAATATGAAATGATCTGCTGCAGTGCTCTGAGCCCTAGGATTTATTTTTCTTTTCACCGTAGGTGGCCTGACTGGCATTGTATTAGCAAACTCATCACTAGACAT,1
AAGAGGCCACTGGCAGGCAGGAGCTGGACCTGCCAAAGTGGCCGAAAGGCAGGAGCTTTGGACTGGGGAGGCCGCAGTGAGGCGAGAGCTAGCTGGGCGTGGAGAGTCCGCTGTGAGGCCGAGGCCAAGGCTGGGCCCGTGCAGGCCTTCGAGACGCAGGAGGCCGGGCCTGCAAAGGCCGACTGGAGATCAAGTTCTGCGCCTGAAGAGGCTGCCAAAAGTCAAAAGCGGGGCCTGGGAAGGCCGCCGAGAGCCATGAGCTGGGCTGGGCCGAAAGAGGCCACTGGGAGGCAGGAGGAGCTGGGCCTGGAGAGGCTGACTCGAGGAAGTTTTGCACCTGGAGAGGCCGTCGAGAGGACGGAGCTGGGCCCAGGGAGGCCGACTTGCTGCTCTTCCAGGC,0
TGTTTTCTTCCAAATTGTGCTGCACGTTTTTGGCGAGAGCATGGGGCTGTGCGGCGTCCCCTCCCTGGCGCCCACCTGTGCCCTGCACACTGGCCTGCACTGTGGTGATCTCGCTTGGCCCCCACCTGATTCCTGACATACAGCAGAGGAAGCTTAGGCTCAGGTGGAACAGCCTCAACTGATTCAGTCCCTGAACTTCCGTACACAGCCCTGGAGTCGTCTTAGAGCCATGATTTATTTAACTGTTCTTTCATTTTACAGAACATAAAATGTATTGTTTCCAACTTTTTTCCTATGGTAAATAATACTAAAGTAAATATCTCTGTGCATGAATCTTTTTGTATATGTTGGAATATCCTTAAGATAAGGCCCCAGAACTAAAAGTACCCTGTCAAAGGGT,0
AATCACCACCGAGTGTCAGTTCTGGTTCAGACTGTGGAGTGAGGGTGTTATTCTTCTTGCATAAAATGTAGTGACTCCACATTGCACCAGTGGCTTGGTAAAAAAGACAAAATTTCTAGGGAATTAGTATCGATTATTTTTAACTATCATAACCTTGGCTTTATTGACACTTTGTATTAAACAGATCTCACTTGCCAAACGCCACAGGATGCAAGCCAACAGACGGGCCCAGAGAGCTCTCGTGAGCCGGAACTGTCACATAAGAAGCAAAACCACGAGAGAGAGAACACCACCCACATCCAACACAGCATAGCCACCCTGAAAGCCTCAGCATGTAAACTTTCGTGGCACCACCCTTTCTTTTAGAAATGTGTTTAGATTTTATAGACTTTTGCTAGAC,0
AGTTCATGGGTGTGATGGGGTGTGTGCTGTGTGAGAACGTGTGTGTAGTGTCCACATGTCCTCTGTGCGTGAGTCCCTGTGTGTGATGTTGTGTTCTTGGTGTGAGTTCATGGGTGTGACGGGGTGTGCTGTGTGAGAACGTGTGTGTAGTGTTCACATGTCCTCTGTGCGTGAGTCCCCGTGTGTGATGTTGTGTTCTCGGTGTGAGTTCATGGGTGTGACGGGGTGTGTGCTGTGTGAGAACGTGTGTGTAGTGTCCACATGTCCTCTGTGCGTGAGTCCCCGTGTGTGATGTTGTGTTCTCGGTGTGAGTTCATGGGTGTGACGGGGTGTGTGCTGTGTGAGAACGTGTGTGTAGTGTCCACATGTCCTCTGTGCGTGAGTCCCTGTGTGTGATGTT,0
GTATCTCCTCTATCTTAGGAGCCATCAATTTCATCACAACAATTATTAATATAAAACCCCCTGCCATAACCCAATACCAAACGCCCCTTTTCGTCTGATCCGTCCTAATCACAGCAGTCTTACTTCTCCTATCTCTCCCAGTCCTAGCCGCTGGCATCACTATACTACTAACAGACCGTAACCTCAACACCACCTTCTTCGACCCAGCCGGAGGAGGAGACCCCATTCTATACCAACACCTATTCTGATTTTTCGGTCACCCTGAAGTTTATATTCTCATCCTACCAGGCTTCGGAATAATCTCCCATATTGTAACTTACTACTCCGGGAAAAAAAGAACCATTTGGATACATAGGTATGGTCTGAGCTATGATATCAATTGGCTTCCTAGGGTTTATCG,0
CCCCGGGCAGGTGCCTCACATCCTTTGAATTCTTAAAGTGACCTCATCGTGTTTGGAAACTTGACTGTTTAATTTTGTCTACCTGAGCTCATATTCTTATTAACAGAAAGGAATAGGACATAAGAGGAAAGAACACGCAGCGCACGCCAGGATCAGCCTACGTGTTGGGTGGCAAGAACGCAGGGCCTCGGATTGGGTCCGACTCGGTCGCTGGCCGGCAGCGGGCGTGGCCGGGCCCGAGGACCGAGCTAGGACTCTCAGTGGGGCAGGCTGGGGCCCCAGGCGCGGCTCAGTGGATTTGGAAGAAGCCCAGCCAAGTGTCCAGAATCATTGCTATTTTTACGGTAACCGAGGCAACGGGGAAACCACGAGTTCACCAGGCAGTGGATCAGCCTAGGAA,0
CCTTTTCCCTTCTGTCTGCCTTTCCGGCCTGTTGACGTGGAGACGCGCGGGGCCTTTTCCCTTCTGTCTGCCTTTCCGGCCTGTTGACGTGGAGACGCGCGGGGCCTTTTCCCTTCTGTCTGCCTTTCCGGCCTGTTGACGTGGAGACGCGCGGGGCCTTTTCCCTTCTGTCTGCCTTTCCGGCCTGTTGACACGGAGACGCGCGGGGCCTTTTCCCTTCTGTCTTCCTTTCCGGCCTCTTGACGTAGTCTACTTTTACTCAGCTCCTGTCATAGTGCTTGTAAGGTCGTGTATCCTAAATTTTCTCTAAATGATATATCATAAGCACTTTTCTATGTTGTCATTTAGTTGTAGTAATCAACATTTTAATGACTAAGTGATATTTCAGAGCATTTCAACA,1
CCTGTCCTACTCGCTATGCAATGTGTTCACATGAAAACAGACAGAACAAAGAATGAAGACTCTCTACTCCAGTGAACAGACGCCAACTTACTTCCATCTGGAAGGCGCGCCACTACAATCCCGCTGCCTCCTCTGGCAGTCACCAGGAACCCGGCTTTGATCACAGACAGAATTGCAAGGCCTTTAGCCTTCGCAATTACGTGAGCTGTTAACGTGGAAAACAATGGGAAGGTAAGCATTTTGATCTATGTGCCTGGATAGACGAGCAAGTGTTAAACACAGTCAGTGTACACAGAGGTTATCTCTAGGAATTCGGGGCACACAGGAGCAATGAACAAAAGTCAGTCACTCAACAGATGGGCACGAGGCCTCTCTATTCCCATGAATGTTTTTTGTGTTT,0
AGTCTCTTTTAAGCTGATAACAACTTAACTTCAATTGCATGCAAACAGTCTTCCTTTTTGCCCCCAACATGTACATTTTCTGTTTTTGATGCCTCACTTTATGTGAAGCACAAGCACATGCAGATCAGTGAAGCTGTGGGGCCTGAGATGGGACACCCCACTGTGGGGCAGTGGTTCTTATGTCCAAGACCTAAGTGCTCGGGAGCGGCAGTTTAGGGTACAGGTCCCTCCTGAGGGACAGGAGTGGGGCTGGTTCACAGGGCAGCGGCTCTGGTGTCTGAGGTGTGGTTGTGCATGGTGTGGCCATGGAGCTAGGACCTGGAGCATGGGTGTGAGTGGAACAGCTTCAGCTTCAGAGTCCAGGGCACATGCAGCGTTCAGGAGGTGGTGGCCTTGGTCC,0
ATCACATTCCCTTCACAACTTACTCACCAGATCAGACTTTGAGCTCTCCTCCTGGCTTAGCCTGGATCGTTTGAAATGGTCATCCATCCTTTGGCCCCAATACCTAAACTAAGGTCTATGAACAATAAGATGATTTTCTTCAGTGGGACTTTTTTGTTTAATATATTAGATTTGACCTTCAGCAAGGTCAAAGGGAGTCCGAACTAGTCTCAGGCTTCAACATCGAATACGCCGCAGGCCCCTTCGCCCTATTCTTCATAGCCGAATACACAAACATTATTATAATAAACACCCTCACCACTACAATCTTCCTAGGAACAACATATAACGCACTCTCCCCTGAACTCTACACAACATATTTTGTCACCAAGACCCTACTTCTGACCTCCCTGTTCTTATG,1
AGTGAGAGCAAATGAACATCCAGGTTATGTATTCTTACTCTATTAATTTCTACTTGAACTCATTTTTAATGTGTTTTTACTAATATTAAGAAAATAAGCCATGATATAAAGTGTTGGAAAGGAAAACCCTGACTGCACACCCCAGCCCTGTAACAGAACACAGAAACGCGCAGGGCCTTTTCCCTTCTGTCTGCCTTTCCGGCCTCTGGACACAGAAACGCGCGGGGCCTTTTCCCTTCTGTCTGCCTTTCCGGCCTCTTGACATGGAAACACGCGGAGCGTTTTCCCTTCTGTCTTCCTTTCCGGCCTGTTGACATGGAAACGCGCGGAGCCTTTTCCCTTCTGTCTGCCTTTCCGGCCTGTTGACGTGGAAACGCGCGGGGCCTTTTCCCTTCTGTCT,1
TCACCTGCACAGCTGGAGGGTTAGCCTGGACAGGGCGATTACAGTCTCTCCTGAACCTCTTCCTTCTCGTCCGTGACTGAATCCTATTCACATGCTATAAGGACCATGGGCTTGTGGAATCCAACTTAGCTTCCTTTAGAACCAAAGGATGCCTCTGTGACACATGCAGAAATGACTTCCTTTTATTTTTCATTCAGTCCGTAGGAAGAGAACAGCTGCAAGAGAGAGAAAGAAAATGTACACGGTGGCTAGGTGGAGACGGCACCTGAAGAGTGAGTTTCATGTTTAGCCCCAACAGTTTATAAACATTCATGTGGTGATTAAAGATATTCCCCAAAACCAGAAAACACAACTGAGTCAGCTTCTGTTAGTGAGCATCACGCTGCAACCCAGGGGCCAG,0
AAAAAAAAAAAAGTCACTAAGCCTCCAAAAGTATCTTGTTTCTTGCTAGCTCACAACCTGTGTTTAACGGATAACAAAACACATAGAAATTAATTCTTAACCATTGCCCCTGTGGGTGTTTCGTTTGGCTCTGGGTACACAGGGAAGGGAGAGCTGGGCAAAGATGGAGCCGGCGGTTCCTGGACCACCAAACCAAGCACGCTGGAGACCACATCTGCCAAAAGTGTCCCCGTCACACTACAGCAGGAGCAGTGTCTTCCCGGGTTAGGGAGCTTGAAAAGGAAGAACCTTCTGTTGTCGACATGGGCAAATGTGTGACTGTAAATGTCCCAGGAGCCTGTATTGTTATTGTTTGTTATTGCCTGTCTCTGTGATATTGCACTGCACGTCACACGCTCCT,0
CTCCTTCTCACATGACAAAAACTAGCCCCCATCTCAATCATATACCAAATTTCTCCCTCATTAAACGTAAGCCTTCTCCTCACTCTTTCAATCTTATCCATCATGGCAGGCAGTTGAGGTGGATTAAACCAAACCCAACTACGCAAAATCTTAGCATACTCCTCAATTACCCACATAGGATGAATAACAGCAGTTCTACCGTACAACCCTAACATAACCATTCTTAATTTAACTATTTATATTATCCTAACTACTACCGCATTCCTACTACTCAACTTAAACTCCAGCACCACAACCCTACTACTATCTCGCACCTGAAACAAGCTAACATGACTAACACCCTTAATTCCATCCACCCTCCTCTCCCTAGGAGGCCTGCCCCCGCTAACCGGCTTTTTGC,1
TACTGCCTGCACATGCTATGGCTACCTGGAGGGAGCTTATTCATAAATTTACTTCTCACGTACTTCAATAGACAACTTTTTTTTGTTTGTTTTCCATTTCTGGGTTTCAGTCATGCAACACAGATTATTACTACACAGACTAGAAAATGTAGAGGTTGAAAACCATCCGCCTATCTCCCTTCTTTTTATGGACAAAGGACGCCTGGTCTATAGTGCAGGAATCATTTGCTAACATAAGACAGGCCCTTAATTCTGGTTTAGTGCTCTATCCACCAGACACTGTCCCTCCACGGACCTGGCCACTCTCCAAAGCTCCTGCCCTACACATGGTGCCATCATGGAAATACCCTTGCCAGCATTCATTCATCTCAGATCCAAAAGACAATTTGTGAAAACTACA,1
AGTGAGAGCAAATGAACATCCAGGTTATGTATTCTTACTCTATTAATTTCTACTTGAACTCATTTTTAATGTGTTTTTACTAATATTAAGAAAATAAGCCATGATATAAAGTGTTGGAAAGGAAAACCCTGACTGCACACCCCAGCCCCGTAACAGAACACAGAAACGCGCAGGGCCTTTTCCCTTCTGTCTGCCTTTCCGGCCTCTGGACACAGAAACGCGCGGGGCCTTTTCCCTTCTGTCTGCCTTTCCGGCCTCTTGACATGGAAACACGCGGAGCGTTTTCCCTTCTGTCTTCCTTTCCGGCCTGTTGACATGGAAACGCGCGGAGCCTTTTCCCTTCTGTCTGCCTTTCCGGCCTGTTGACGTGGAAACGCGCGGGGCCTTTTCCCTTCTGTCT,1
CCCAGCTGCCCAGGCCCGGGGTTGGGGAGAACCGGAGTCTGCACCGATTGGCGAAACTCCCCAGTTCCCGCCCCTCCCGACCTCATCGCCCACACCGACTGGCACCGCCCCCGCCCCCGCCCGGTGCCCCGGCCCTGGCCGCGTCCCCGCATCCCCGCTCGTCCCCGCCCGTCCCCGCCTCCTCACTCCCGCCCGGGCCCGCCTCCCTGGCCGCTCTCCGGGTGCCAGCGCCCGCCCTCACCTCGCGTCCGGGGTCCCGGCCCTCACCTCCTGCCCGGTGCCGTCCCCGCCCCCCCTCACCTTCCGGCGGCGCTGCCAACCGCCTGGAGGACGCTGGGGCGAGCAGGCTCTGAACCCCCACTCGCTCAGCCCCAGATCCCCGAGGTCACTGCTGGACGCA,0
AGACTTTGAGCTCTCCTCCTGGCTTAGCCTGGATCGTTTGAAATGGTCATCCATCCTTTGGCCCCAATACCTAAACTAAGGTCTATGAACAATAAGATGATTTTCTTCAGTGGGACTTTTTTGTTTAATATATTAGATTTGACCTTCAGCAAGGTCAAGGGGAGTCCGAACTAGTCTCAGGCTTCAACATCGAATACGCCGCAGGCCCCTTCGCCCTATTCTTCATAGCCGAATACACAAACATTATTATAATAAACACCCTCACCACTACAATCTTCCTAGGAACAACATATAACGCACTCTCCCCTGAACTCTACACAACATATTTTGTCACCAAGACCCTACTTCTGACCTCCCTGTTCTTATGAATTCGAACAGCATACCCCCGATTCCGCTACGA,1
ACACTGTAGCTCAAAATCGCACTCAATTCTAAGCAGCTGTAACTGGCCATCGCCCAGCTCGGTCACACTCACCAAGATTCACAGCCCCGCACACGGCCAGCCCCGCCCCCAGCCTTCTGGGCACACACCTCGGGTCCGGCTCTGCTCCTGGCTGGGGGTCTCCTTGGCCTTCTTACAGGTGTACAGCCACTTGATGATGCGGGCGTTCCTCTCGATGACCGAAGTGGTGCTGGGCACCTGCTCTATCAGCTCCTCCTCCTGCAGCCCCTCGTCGTCGCCGCCGCTGTGCCGGGAGAAGCCGCTGCCGGAGGTGGCGACGCTCACGCTGCGCACCTTGAGGGTCACACAGTCCGACCCCGCGGTGAAGTTCTCCCTCCCCAGGGCCTCCACCACCTCGGGG,1
GCCTTGGCCTCCCAAAGTGCCGAGATTGCAGCCTCTGCCCGGCCGCCACCCCGTCTGGGAAGTGAGGAGCGTCTCTGCCTGGCCGCCCATCGTCTGGGACGTGAGGAGCCCCTCTGCCTGGCTGCCCAGTCTGGAAAGTGAGGAGCGTCTCTGCCCGGCCGCCATCCCATCTAGGAAGTGAGGAGCATCTCTGCCCGGCCGCCCATCGTCTGAGAGGTGGGGAGCACCTCTGCCTGGCAACCGCCCCGTCTGGGAAGTGAGGAGCGTCTCCGCCCGGCAGCCACCCCGTCCGGGAGGGAGGTGGGGGGGTCAGCCCCCCGCCCGGCCAGCCGCCCCGTCCGGGAGGTGAGGGGCTCCTCTGCCCGGCCGCCCCTACTGGGAGGTGAGGACCCCTCTGCCC,1
CTGCAAGACAGTTTTAACTATAGCAGCTGTCTACGGCAGCCCAGGTGCTGTGTAGAGCACCCTGCAAGTCGTTTCTTTAGCTTGGAGGCTTTATAAGGAGAATAAAGGGCTGTGTTGAGACTATCAGAAAGTGCCTTCAGTGAGAGAGACACAGACTGCTGTGGTATACAAAACACACCAAGATGACATGAGGTAGAAACGAGCATCAGACAGGAGTTCCTTCTGTGTGCTGGGTTCTCTAACTGCCCCTCCCAGGATGGGTGAGGGCATTGTTTTTGTTTGGATGTCATTTCTTCTAAGAAACAGAAATTCCCTGGAGTGTGCCATGGGCCTTGCCCTGTGCAGTCTCCTCTGTAATACTTGGTTCTTGCTTCAGGGTTTTCACAACTAACTACAGAGA,1
TCAAGTGATCCTCCCACCTCAGCTTCCCAAAGTGCTGGGACTGACTGGATGCAGTGGCTCATGCTTGTAAACTCAGCACTTTGGGAGGCCAAGGTGGGAGGATCGCTTGAGCCCAGGAGTTCAAGACCAGACTGGGTGATATAACACAATAGTCAACTTCAACAGGAGAGAGAATCTGTAAACTTGAATATAGATCTTCCGAAATTATCCAGTCAGTGGACAGAGAAAAAAAGAATAAAAGAGAGAAAAGAAGGCTGGGTGTGGTGGCTCAAGCCTGTAATCCCAACACTTTGGGAGGCCGAGGCAGGCAGATTAAGAGGTCAGGAGTTCAAGACCAGCCTGTCCAACATGACAAAGCCCCATCTCTACTAAAAATACAAAAATTAGCCGGGTGTGGTGG,0
ATCACATTCCCTTCACAACTTACTCACCAGATCAGACTTTGAGCTCTCCTCCTGGCTTAGCCTGGATCGTTTGAAATGGTCATCCATCCTTTGGCCCCAATACCTAAACTAAGGTCTATGAACAATAAGATGATTTTCTTCAGTGGGACTTTTTTGTTTAATATATTAGATTTGACCTTCAGCAAGGTCAAGGGGAGTCCGAACTAGTCTCAGGCTTCAACATCGAATACGCCGCAGGCCCCTTCGCCCTATTCTTCATAGCCGAATACACAAACATTATTATAATAAACACCCTCACCACTACAATCTTCCTAGGAACAACATATAACGCACTCTCCCCTGAACTCTACACAACATATTTTGTCACCAAGACCCTACTTCTGACCTCCCTGTTCTTATG,1
CCTGTCCTACTCGCTATGCAATGTGTTCACATGAAAACAGACAGAACAAAGAATGAAGACTCTCTACTCCAGTGAACAGACGCCAACTTACTTCCATCTGGAAGGCGCGCCACTACAATCCCGCTGCCTCCTCTGGCAGTCACCAGGAACCCGGCTTTGATCACAGACAGAATTGCAAGGCCTTTAGCCTTCGCAATTACGTGAGCTGTTAACGTGGAAAACAATGGGAAGGTAAGCATTTTGATCTATGTGCCTGGATAGACGAGCAAGTGTTAAACAGAGTCAGTGTACACAGAGGTTATCTCTAGGAATTCGGGGCACACAGGAGCAATGAACAAAAGTCAGTCACTCAACAGATGGGCACGAGGCCTCTCTATTCCCATGAATGTTTTTTGTGTTT,1
CCGTGTTTAAAGGTGGATGTGGTCACCTTCCCAGCTAGGCTTAGGGATTCTTAGTTGGCCTAGGAAATCCAGCTAGTCCTGTCTCTCAACAGGACACTGGGTTCCTAGCCTTGTAGTTGTGGCTTCTACGGCATGGAAGGGTCGTGACATGATTCACCAATTCACCACCCCATCTGAGTTTCAACACTTGGCCAGATCACGGCACTGAGCTTCTAACCTTGCAGTTGTAGCTTCTATGGCATGGCAGGGTTCTGGTGTAATTCACCAATTCACCACCCCATCTGAGCTTAAGCACTTGGCCATAGCCATGAGGCTTTGCAGGAGACCAGCCTGTGGAAATCAGTCTTGGACAAGGCAGCTCTTGCAGCTCAAACCTAAACACTTCCTAGGAAATGCTCAA,0
TTACAACTATGTCAACAGGGCAAATCTACAAAGGATAGCTTAGGAAGAAATGGACTGAAATTTGAGAAGAAAATGAGTTGAGCATACCAGGAGATTCAATTTCCAGGCCCTTGCAAAACGACAGACTGAAGATGAGCATCAGCCCTAAGAGGATCCCCGTGTAGGAGGCCTCTGTGAGTGTGCATGTCTGCCCGACAGACGCCACAATCCCAGGAGCAACATTATAAACTGAAATAACGTGAAGTTCTTCTTTACTTAAAGAATGTGGAGGGATTTGAATATCATATGTTACAAAACTGGATTTTGCCACAAATGATGATGCACTGCCCACGTAATTTCAATGCCCACTGAAGGAGAACAGTGGCTTTGCCATGAGCAGTCCATAAACTGCCAATGACAG,0
TGGCTAATTCGAGATGGGAACCAGCCTGGGTCTGGAGGGATCAGAGCAGGCTGCTTTTATTTTTATGTTGTCAGGTTTTACTTTGGTTTCATTTGTATGCCACATTATTACCTCCCCACTATTTATACCACCAAGTCTACCTACTGCCTGCACATGCTATGGCTACCTGGAGGGAGCTTATTCATAAATTTACTTCTCACGTACTTCAATAGACAACTTTTTTTTGTTTGTTTTCCATTTCTGGGTTTCAGTCATGCAACACAGATTATTACTACACAGACTAGAAAATGTAGAGGTTGAAAACCATCCGCCTATCTCCCTTCTTTTTATGGACAAAGGACGCCTGGTCTATAGTGCAGGAATCATTTGCTAACATAAGACAGGCCCTTAATTCTGGTTT,1
ATCAGACTTTGAGCTCTCCTCCTGGCTTAGCCTGGATCGTTTGAAATGGTCATCCATCCTTTGGCCCCAATACCTAAACTAAGGTCTATGAACAATAAGATGATTTTCTTCAGTGGGACTTTTTTGTTTAATATATTAGATTTGACCTTCAGCAAGGTCAAAGGGAGTCCGAACTAGTCTCAGGCTTCAACATCGAATACGCCGCAGGCCCCTTCGCCCTATTCTTCATAGCCGAATACACAAACATTATTATAATAAACACCCTCACCACTACAATCTTCCTAGGAACAACATATAACGCACTCTCCCCTGAACTCTACACAACATATTTTGTCACCAAGACCCTACTTCTGACCTCCCTGTTCTTATGAATTCGAACAGCATACCCCCGATTCCGCTA,0
TATAAAGTGTTGGAAAGGAAAACCCTGACTGCACACCCCAGCCCCGTAACAGAACACAGAAACGCGCAGGGCCTTTTCCCTTCTGTCTGCCTTTCCGGCCTCTGGACACAGAAACGCGCGGGGCCTTTTCCCTTCTGTCTGCCTTTCCGGCCTCTTGACATGGAAACACGCGGAGCGTTTTCCCTTCTGTCTTCCTTTCCGGCCTGTTGACATGGAAACGCGCGGAGCCTTTTCCCTTCTGTCTGCCTTTCCGGCCTGTTGACGTGGAAACGCGCGGGGCCTTTTCCCTTCTGTCTGCCTTTCCGGCCTGTTGACGTGGAGACGCGCGGGGCCTTTTCCCTTCTGTCTGCCTTTCCGGCCTGTTGACGTGGAGACGCGCGGGGCCTTTTCCCTTCTGTCT,1
GTGGGAGTGAGATGGTGATCCTCATAGCCATGGGCTTTGACAGATATATAGCAATATGCAAGCCCCTACACTACACTACAATTATGTGTGGCAACGCATGTGTCGGCATTATGGCTGTCACATGGGGAATTGGCTTTCTCCATTCGGTGAGCCAGTTGGCGTTTGCCGTGCACTTACTCTTCTGTGGTCCCAATGAGGTCGATAGTTTTTATTGTGACCTTCCTAGGGTAATCAAACTTGCCTGTACAGATACCTACAGGCTAGATATTATGGTCATTGCTAACAGTGGTGTGCTCACTGTGTGTTCTTTTGTTCTTCTAATCATCTCATACACTATCATCCTAATGACCATCCAGCATCGCCCTTTAGATAAGTCGTCCAAAGCTCTGTCCACTTTGAC,0
TATAAAGTGTTGGAAAGGAAAACCCTGACTGCACACCCCAGCCCTGTAACAGAACACAGAAACGCGCAGGGCCTTTTCCCTTCTGTCTGCCTTTCCGGCCTCTGGACACAGAAACGCGCGGGGCCTTTTCCCTTCTGTCTGCCTTTCCGGCCTCTTGACATGGAAACACGCGGAGCGTTTTCCCTTCTGTCTTCCTTTCCGGCCTGTTGACATGGAAACGCGCGGAGCCTTTTCCCTTCTGTCTGCCTTTCCGGCCTGTTGACGTGGAAACGCGCGGGGCCTTTTCCCTTCTGTCTGCCTTTCCGGCCTGTTGACGTGGAGACGCGCGGGGCCTTTTCCCTTCTGTCTGCCTTTCCGGCCTGTTGACGTGGAGACGCGCGGGGCCTTTTCCCTTCTGTCT,1
TCTCTGTTGCTCTGGGGACACCAGAGTGTCGATGAGCTGTAACAGCAGCTGCCTCCAGACTGCAAAGGCTCTTACTTGGACTCTAGGATATTTAGCTTACACTTAACGCAAAGGGCTACTGCTACTTTACGAGTCCTTGCAAGTCTGTAAGACACCATACTCACCGGTGCACCGCCAGACTAGTTATGCACTAGTCTATCGAATTGCACTCCAGGCAGAAGGAACTGTTTGAATCTGACCTTTCTGTTGCCGGATGCTGGCCACGTTTTGCTACAGCACAAGGTGCTCAGTCTGGGTCTGATTCGGCTGATATTCCTGGTCCCAATGCTGACTCAACAGTGCTCAGTGACTGGTCTCGTGCGAGACACATGGGGAGGTTTAAGTTCTCTCAAATGTAAAA,0
ATTAAATACTCACATGAGGTCAGTGCAAAACTGTTTACCAAACAGCACCAATTGCAACTTGTGAGACCTGAGACTACAGGACTCAGTGATATTTTAAGGATTAAATTATAATCAATACATGCATTTCTTAAGTTTTGCACCCCCTTGAATGTCAACTACATATGTTTTTAATTCCACAAATATTTGATGTCACTGACTGCGCTAAGAGAACAAGAAGATGAAGGAAATGCATAAAGTATTAATTGAACTGAGCCTTAAAAATAGCTACAAAATACATATTAGTTCAAACACTCATTAAAATGAGAAGAGTTAAATTCAGAGAACGACATTTCCCAGTTATGATCACACTCCCCAGTGCAAGGTGTTCTATAGCAATGTTTGCCTAACGGCATTTGGTTGA,0
AACCGGAGTCTGCACCGATTGGCGAAACTCCCCAGTTCCCGCCCCTCCCGACCTCATCGCCCACACCGACTGGCACCGCCCCCGCCCCCGCCCGGTGCCCCGGCCCTGGCCGCGTCCCCGCATCCCCGCTCGTCCCCGCCCGTCCCCGCCTCCTCACTCCCGCCCGGGCCCGCCTCCCTGGCCGCTCTCCGGGTGCCAGCGCCCGCCCTCACCTCGCGTCCGGGGTCCCGGCCCTCACCTCCTGCCCGGTGCCGTCCCCGCCCCCCCTCACCTTCCGGCGGCGCTGCCAACCGCCTGGAGGACGCTGGGGCGAGCAGGCTCTGAACCCCCACTCGCTCAGCCCCAGATCCCCGAGGTCACTGCTGGACGCAGGCATTTCCGGGGAGGGGGAGCAGAGGGG,0
GGGCGCGCATCTTCGCGGGGAATGGACCGACCGGGGTTCCGGGTCCAGCGGAGACGCGCTCGAGTGGTAGAGCCAGTCAGTCCCAGGGCCGGTTCCGAAGTCCGCGCCGGGTGGGGAACGGCGCCCCAGTGCCCAGCTGCCCAGGCCCGGGGTTGGGGAGAACCGGAGTCTGCACCGATTGGCGAAACTCCCCAGTTCCCGCCCCTCCCGACCTCATCGCCCACACCGACTGGCACCGCCCCCGCCCCCGCCCGGTGCCCCGGCCCTGGCCGCGTCCCCGCATCCCCGCTCGTCCCCGCCCGTCCCCGCCTCCTCACTCCCGCCCGGGCCCGCCTCCCTGGCCGCTCTCCGGGTGCCAGCGCCCGCCCTCACCTCGCGTCCGGGGTCCCGGCCCTCACCT,1
